product_id,name,category,price,stock_quantity,description,created_at,updated_at
1,Wireless Bluetooth Headphones,Electronics,1282.45,22,Wireless Bluetooth Headphones — Electronics,2026-05-31T17:51:47.876805,2026-05-31T17:51:47.876805
2,USB-C Fast Charging Cable,Electronics,1485.68,135,USB-C Fast Charging Cable — Electronics,2026-05-31T17:51:47.876805,2026-05-31T17:51:47.876805
3,Portable Power Bank 10000mAh,Electronics,454.18,387,Portable Power Bank 10000mAh — Electronics,2026-05-31T17:51:47.876805,2026-05-31T17:51:47.876805
4,4K Ultra HD Webcam,Electronics,213.96,389,4K Ultra HD Webcam — Electronics,2026-05-31T17:51:47.876805,2026-05-31T17:51:47.876805
5,Wireless Charging Pad,Electronics,1785.43,54,Wireless Charging Pad — Electronics,2026-05-31T17:51:47.876805,2026-05-31T17:51:47.876805
6,Smart Wi-Fi Plug,Electronics,1185.07,26,Smart Wi-Fi Plug — Electronics,2026-05-31T17:51:47.876805,2026-05-31T17:51:47.876805
7,Bluetooth Portable Speaker,Electronics,69.29,121,Bluetooth Portable Speaker — Electronics,2026-05-31T17:51:47.876805,2026-05-31T17:51:47.876805
8,Mechanical Gaming Keyboard,Electronics,472.99,318,Mechanical Gaming Keyboard — Electronics,2026-05-31T17:51:47.876805,2026-05-31T17:51:47.876805
9,Wireless Ergonomic Mouse,Electronics,62.8,111,Wireless Ergonomic Mouse — Electronics,2026-05-31T17:51:47.876805,2026-05-31T17:51:47.876805
10,Noise Canceling Earbuds,Electronics,1434.87,369,Noise Canceling Earbuds — Electronics,2026-05-31T17:51:47.876805,2026-05-31T17:51:47.876805
11,Adjustable Laptop Stand,Electronics,1094.42,122,Adjustable Laptop Stand — Electronics,2026-05-31T17:51:47.876805,2026-05-31T17:51:47.876805
12,27-Inch 4K Monitor,Electronics,903.92,152,27-Inch 4K Monitor — Electronics,2026-05-31T17:51:47.876805,2026-05-31T17:51:47.876805
13,External SSD 1TB,Electronics,1620.76,13,External SSD 1TB — Electronics,2026-05-31T17:51:47.876805,2026-05-31T17:51:47.876805
14,Action Camera 4K,Electronics,1520.02,91,Action Camera 4K — Electronics,2026-05-31T17:51:47.876805,2026-05-31T17:51:47.876805
15,Smart Thermostat,Electronics,1399.29,184,Smart Thermostat — Electronics,2026-05-31T17:51:47.876805,2026-05-31T17:51:47.876805
16,Wireless Router WiFi 6,Electronics,562.95,120,Wireless Router WiFi 6 — Electronics,2026-05-31T17:51:47.876805,2026-05-31T17:51:47.876805
17,Portable Bluetooth Receiver,Electronics,1914.84,182,Portable Bluetooth Receiver — Electronics,2026-05-31T17:51:47.876805,2026-05-31T17:51:47.876805
18,LED Desk Lamp,Electronics,213.39,204,LED Desk Lamp — Electronics,2026-05-31T17:51:47.876805,2026-05-31T17:51:47.876805
19,USB Hub Multiport,Electronics,202.46,443,USB Hub Multiport — Electronics,2026-05-31T17:51:47.876805,2026-05-31T17:51:47.876805
20,Car Dash Camera,Electronics,694.46,145,Car Dash Camera — Electronics,2026-05-31T17:51:47.876805,2026-05-31T17:51:47.876805
21,Smart Video Doorbell,Electronics,1616.18,383,Smart Video Doorbell — Electronics,2026-05-31T17:51:47.876805,2026-05-31T17:51:47.876805
22,Electric Toothbrush,Electronics,924.25,73,Electric Toothbrush — Electronics,2026-05-31T17:51:47.876805,2026-05-31T17:51:47.876805
23,Fitness Tracker Watch,Electronics,1946.49,203,Fitness Tracker Watch — Electronics,2026-05-31T17:51:47.876805,2026-05-31T17:51:47.876805
24,Drone with Camera,Electronics,166.8,160,Drone with Camera — Electronics,2026-05-31T17:51:47.876805,2026-05-31T17:51:47.876805
25,Tablet Stand Holder,Electronics,1660.51,326,Tablet Stand Holder — Electronics,2026-05-31T17:51:47.876805,2026-05-31T17:51:47.876805
26,Wireless Bluetooth Headphones — Pro,Electronics,1772.04,195,Wireless Bluetooth Headphones — Pro — Electronics,2026-05-31T17:51:47.876805,2026-05-31T17:51:47.876805
27,USB-C Fast Charging Cable — Pro,Electronics,1158.92,370,USB-C Fast Charging Cable — Pro — Electronics,2026-05-31T17:51:47.876805,2026-05-31T17:51:47.876805
28,Portable Power Bank 10000mAh — Pro,Electronics,148.4,348,Portable Power Bank 10000mAh — Pro — Electronics,2026-05-31T17:51:47.876805,2026-05-31T17:51:47.876805
29,4K Ultra HD Webcam — Pro,Electronics,463.51,158,4K Ultra HD Webcam — Pro — Electronics,2026-05-31T17:51:47.876805,2026-05-31T17:51:47.876805
30,Wireless Charging Pad — Pro,Electronics,1970.58,447,Wireless Charging Pad — Pro — Electronics,2026-05-31T17:51:47.876805,2026-05-31T17:51:47.876805
31,Smart Wi-Fi Plug — Pro,Electronics,473.24,61,Smart Wi-Fi Plug — Pro — Electronics,2026-05-31T17:51:47.876805,2026-05-31T17:51:47.876805
32,Bluetooth Portable Speaker — Pro,Electronics,766.44,242,Bluetooth Portable Speaker — Pro — Electronics,2026-05-31T17:51:47.876805,2026-05-31T17:51:47.876805
33,Mechanical Gaming Keyboard — Pro,Electronics,1275.0,196,Mechanical Gaming Keyboard — Pro — Electronics,2026-05-31T17:51:47.876805,2026-05-31T17:51:47.876805
34,Wireless Ergonomic Mouse — Pro,Electronics,333.67,191,Wireless Ergonomic Mouse — Pro — Electronics,2026-05-31T17:51:47.876805,2026-05-31T17:51:47.876805
35,Noise Canceling Earbuds — Pro,Electronics,426.91,146,Noise Canceling Earbuds — Pro — Electronics,2026-05-31T17:51:47.876805,2026-05-31T17:51:47.876805
36,Adjustable Laptop Stand — Pro,Electronics,1406.61,359,Adjustable Laptop Stand — Pro — Electronics,2026-05-31T17:51:47.876805,2026-05-31T17:51:47.876805
37,27-Inch 4K Monitor — Pro,Electronics,1299.58,321,27-Inch 4K Monitor — Pro — Electronics,2026-05-31T17:51:47.876805,2026-05-31T17:51:47.876805
38,External SSD 1TB — Pro,Electronics,1273.6,283,External SSD 1TB — Pro — Electronics,2026-05-31T17:51:47.876805,2026-05-31T17:51:47.876805
39,Action Camera 4K — Pro,Electronics,1460.95,93,Action Camera 4K — Pro — Electronics,2026-05-31T17:51:47.876805,2026-05-31T17:51:47.876805
40,Smart Thermostat — Pro,Electronics,929.89,148,Smart Thermostat — Pro — Electronics,2026-05-31T17:51:47.876805,2026-05-31T17:51:47.876805
41,Wireless Router WiFi 6 — Pro,Electronics,1979.14,337,Wireless Router WiFi 6 — Pro — Electronics,2026-05-31T17:51:47.876805,2026-05-31T17:51:47.876805
42,Portable Bluetooth Receiver — Pro,Electronics,1379.43,122,Portable Bluetooth Receiver — Pro — Electronics,2026-05-31T17:51:47.876805,2026-05-31T17:51:47.876805
43,LED Desk Lamp — Pro,Electronics,1372.37,441,LED Desk Lamp — Pro — Electronics,2026-05-31T17:51:47.876805,2026-05-31T17:51:47.876805
44,USB Hub Multiport — Pro,Electronics,1538.93,38,USB Hub Multiport — Pro — Electronics,2026-05-31T17:51:47.876805,2026-05-31T17:51:47.876805
45,Car Dash Camera — Pro,Electronics,465.8,26,Car Dash Camera — Pro — Electronics,2026-05-31T17:51:47.876805,2026-05-31T17:51:47.876805
46,Smart Video Doorbell — Pro,Electronics,1612.03,215,Smart Video Doorbell — Pro — Electronics,2026-05-31T17:51:47.876805,2026-05-31T17:51:47.876805
47,Electric Toothbrush — Pro,Electronics,542.79,118,Electric Toothbrush — Pro — Electronics,2026-05-31T17:51:47.876805,2026-05-31T17:51:47.876805
48,Fitness Tracker Watch — Pro,Electronics,1827.13,300,Fitness Tracker Watch — Pro — Electronics,2026-05-31T17:51:47.876805,2026-05-31T17:51:47.876805
49,Drone with Camera — Pro,Electronics,1753.96,171,Drone with Camera — Pro — Electronics,2026-05-31T17:51:47.876805,2026-05-31T17:51:47.876805
50,Tablet Stand Holder — Pro,Electronics,433.12,265,Tablet Stand Holder — Pro — Electronics,2026-05-31T17:51:47.876805,2026-05-31T17:51:47.876805
51,Wireless Bluetooth Headphones — Plus,Electronics,797.3,478,Wireless Bluetooth Headphones — Plus — Electronics,2026-05-31T17:51:47.876805,2026-05-31T17:51:47.876805
52,USB-C Fast Charging Cable — Plus,Electronics,1289.27,83,USB-C Fast Charging Cable — Plus — Electronics,2026-05-31T17:51:47.876805,2026-05-31T17:51:47.876805
53,Portable Power Bank 10000mAh — Plus,Electronics,537.1,136,Portable Power Bank 10000mAh — Plus — Electronics,2026-05-31T17:51:47.876805,2026-05-31T17:51:47.876805
54,4K Ultra HD Webcam — Plus,Electronics,1492.52,285,4K Ultra HD Webcam — Plus — Electronics,2026-05-31T17:51:47.876805,2026-05-31T17:51:47.876805
55,Wireless Charging Pad — Plus,Electronics,532.85,309,Wireless Charging Pad — Plus — Electronics,2026-05-31T17:51:47.876805,2026-05-31T17:51:47.876805
56,Smart Wi-Fi Plug — Plus,Electronics,862.57,308,Smart Wi-Fi Plug — Plus — Electronics,2026-05-31T17:51:47.876805,2026-05-31T17:51:47.876805
57,Bluetooth Portable Speaker — Plus,Electronics,804.8,122,Bluetooth Portable Speaker — Plus — Electronics,2026-05-31T17:51:47.876805,2026-05-31T17:51:47.876805
58,Mechanical Gaming Keyboard — Plus,Electronics,1994.67,80,Mechanical Gaming Keyboard — Plus — Electronics,2026-05-31T17:51:47.876805,2026-05-31T17:51:47.876805
59,Wireless Ergonomic Mouse — Plus,Electronics,1023.95,56,Wireless Ergonomic Mouse — Plus — Electronics,2026-05-31T17:51:47.876805,2026-05-31T17:51:47.876805
60,Noise Canceling Earbuds — Plus,Electronics,1514.0,450,Noise Canceling Earbuds — Plus — Electronics,2026-05-31T17:51:47.876805,2026-05-31T17:51:47.876805
61,Adjustable Laptop Stand — Plus,Electronics,228.19,331,Adjustable Laptop Stand — Plus — Electronics,2026-05-31T17:51:47.876805,2026-05-31T17:51:47.876805
62,27-Inch 4K Monitor — Plus,Electronics,328.35,358,27-Inch 4K Monitor — Plus — Electronics,2026-05-31T17:51:47.876805,2026-05-31T17:51:47.876805
63,External SSD 1TB — Plus,Electronics,850.09,42,External SSD 1TB — Plus — Electronics,2026-05-31T17:51:47.876805,2026-05-31T17:51:47.876805
64,Action Camera 4K — Plus,Electronics,775.68,315,Action Camera 4K — Plus — Electronics,2026-05-31T17:51:47.876805,2026-05-31T17:51:47.876805
65,Smart Thermostat — Plus,Electronics,1992.27,280,Smart Thermostat — Plus — Electronics,2026-05-31T17:51:47.876805,2026-05-31T17:51:47.876805
66,Wireless Router WiFi 6 — Plus,Electronics,510.3,293,Wireless Router WiFi 6 — Plus — Electronics,2026-05-31T17:51:47.876805,2026-05-31T17:51:47.876805
67,Portable Bluetooth Receiver — Plus,Electronics,1722.94,15,Portable Bluetooth Receiver — Plus — Electronics,2026-05-31T17:51:47.876805,2026-05-31T17:51:47.876805
68,LED Desk Lamp — Plus,Electronics,1363.75,68,LED Desk Lamp — Plus — Electronics,2026-05-31T17:51:47.876805,2026-05-31T17:51:47.876805
69,USB Hub Multiport — Plus,Electronics,1366.59,284,USB Hub Multiport — Plus — Electronics,2026-05-31T17:51:47.876805,2026-05-31T17:51:47.876805
70,Car Dash Camera — Plus,Electronics,1504.24,403,Car Dash Camera — Plus — Electronics,2026-05-31T17:51:47.876805,2026-05-31T17:51:47.876805
71,Smart Video Doorbell — Plus,Electronics,1285.5,67,Smart Video Doorbell — Plus — Electronics,2026-05-31T17:51:47.876805,2026-05-31T17:51:47.876805
72,Electric Toothbrush — Plus,Electronics,594.06,90,Electric Toothbrush — Plus — Electronics,2026-05-31T17:51:47.876805,2026-05-31T17:51:47.876805
73,Fitness Tracker Watch — Plus,Electronics,912.9,498,Fitness Tracker Watch — Plus — Electronics,2026-05-31T17:51:47.876805,2026-05-31T17:51:47.876805
74,Drone with Camera — Plus,Electronics,1446.95,378,Drone with Camera — Plus — Electronics,2026-05-31T17:51:47.876805,2026-05-31T17:51:47.876805
75,Tablet Stand Holder — Plus,Electronics,534.13,266,Tablet Stand Holder — Plus — Electronics,2026-05-31T17:51:47.876805,2026-05-31T17:51:47.876805
76,Wireless Bluetooth Headphones — Elite,Electronics,1526.29,269,Wireless Bluetooth Headphones — Elite — Electronics,2026-05-31T17:51:47.876805,2026-05-31T17:51:47.876805
77,USB-C Fast Charging Cable — Elite,Electronics,1826.12,455,USB-C Fast Charging Cable — Elite — Electronics,2026-05-31T17:51:47.876805,2026-05-31T17:51:47.876805
78,Portable Power Bank 10000mAh — Elite,Electronics,1254.34,440,Portable Power Bank 10000mAh — Elite — Electronics,2026-05-31T17:51:47.876805,2026-05-31T17:51:47.876805
79,4K Ultra HD Webcam — Elite,Electronics,1281.5,321,4K Ultra HD Webcam — Elite — Electronics,2026-05-31T17:51:47.876805,2026-05-31T17:51:47.876805
80,Wireless Charging Pad — Elite,Electronics,405.82,201,Wireless Charging Pad — Elite — Electronics,2026-05-31T17:51:47.876805,2026-05-31T17:51:47.876805
81,Smart Wi-Fi Plug — Elite,Electronics,1527.39,286,Smart Wi-Fi Plug — Elite — Electronics,2026-05-31T17:51:47.876805,2026-05-31T17:51:47.876805
82,Bluetooth Portable Speaker — Elite,Electronics,1907.45,482,Bluetooth Portable Speaker — Elite — Electronics,2026-05-31T17:51:47.876805,2026-05-31T17:51:47.876805
83,Mechanical Gaming Keyboard — Elite,Electronics,1065.39,10,Mechanical Gaming Keyboard — Elite — Electronics,2026-05-31T17:51:47.876805,2026-05-31T17:51:47.876805
84,Wireless Ergonomic Mouse — Elite,Electronics,1201.89,260,Wireless Ergonomic Mouse — Elite — Electronics,2026-05-31T17:51:47.876805,2026-05-31T17:51:47.876805
85,Noise Canceling Earbuds — Elite,Electronics,48.75,485,Noise Canceling Earbuds — Elite — Electronics,2026-05-31T17:51:47.876805,2026-05-31T17:51:47.876805
86,Adjustable Laptop Stand — Elite,Electronics,732.32,435,Adjustable Laptop Stand — Elite — Electronics,2026-05-31T17:51:47.876805,2026-05-31T17:51:47.876805
87,27-Inch 4K Monitor — Elite,Electronics,1615.47,132,27-Inch 4K Monitor — Elite — Electronics,2026-05-31T17:51:47.876805,2026-05-31T17:51:47.876805
88,External SSD 1TB — Elite,Electronics,125.26,459,External SSD 1TB — Elite — Electronics,2026-05-31T17:51:47.876805,2026-05-31T17:51:47.876805
89,Action Camera 4K — Elite,Electronics,1139.03,50,Action Camera 4K — Elite — Electronics,2026-05-31T17:51:47.876805,2026-05-31T17:51:47.876805
90,Smart Thermostat — Elite,Electronics,180.44,258,Smart Thermostat — Elite — Electronics,2026-05-31T17:51:47.876805,2026-05-31T17:51:47.876805
91,Wireless Router WiFi 6 — Elite,Electronics,1633.88,399,Wireless Router WiFi 6 — Elite — Electronics,2026-05-31T17:51:47.876805,2026-05-31T17:51:47.876805
92,Portable Bluetooth Receiver — Elite,Electronics,1070.08,74,Portable Bluetooth Receiver — Elite — Electronics,2026-05-31T17:51:47.876805,2026-05-31T17:51:47.876805
93,LED Desk Lamp — Elite,Electronics,265.49,253,LED Desk Lamp — Elite — Electronics,2026-05-31T17:51:47.876805,2026-05-31T17:51:47.876805
94,USB Hub Multiport — Elite,Electronics,1894.22,94,USB Hub Multiport — Elite — Electronics,2026-05-31T17:51:47.876805,2026-05-31T17:51:47.876805
95,Car Dash Camera — Elite,Electronics,537.45,456,Car Dash Camera — Elite — Electronics,2026-05-31T17:51:47.876805,2026-05-31T17:51:47.876805
96,Smart Video Doorbell — Elite,Electronics,1217.11,118,Smart Video Doorbell — Elite — Electronics,2026-05-31T17:51:47.876805,2026-05-31T17:51:47.876805
97,Electric Toothbrush — Elite,Electronics,1858.53,396,Electric Toothbrush — Elite — Electronics,2026-05-31T17:51:47.876805,2026-05-31T17:51:47.876805
98,Fitness Tracker Watch — Elite,Electronics,1462.55,112,Fitness Tracker Watch — Elite — Electronics,2026-05-31T17:51:47.876805,2026-05-31T17:51:47.876805
99,Drone with Camera — Elite,Electronics,1428.76,214,Drone with Camera — Elite — Electronics,2026-05-31T17:51:47.876805,2026-05-31T17:51:47.876805
100,Tablet Stand Holder — Elite,Electronics,1990.34,342,Tablet Stand Holder — Elite — Electronics,2026-05-31T17:51:47.876805,2026-05-31T17:51:47.876805
101,Classic Fit T-Shirt,Clothing,80.94,470,Classic Fit T-Shirt — Clothing,2026-05-31T17:51:47.876805,2026-05-31T17:51:47.876805
102,Slim Fit Polo Shirt,Clothing,108.33,71,Slim Fit Polo Shirt — Clothing,2026-05-31T17:51:47.876805,2026-05-31T17:51:47.876805
103,Skinny Jeans,Clothing,57.09,42,Skinny Jeans — Clothing,2026-05-31T17:51:47.876805,2026-05-31T17:51:47.876805
104,Casual Chino Pants,Clothing,74.23,311,Casual Chino Pants — Clothing,2026-05-31T17:51:47.876805,2026-05-31T17:51:47.876805
105,Denim Jacket,Clothing,115.24,311,Denim Jacket — Clothing,2026-05-31T17:51:47.876805,2026-05-31T17:51:47.876805
106,Hooded Sweatshirt,Clothing,51.83,46,Hooded Sweatshirt — Clothing,2026-05-31T17:51:47.876805,2026-05-31T17:51:47.876805
107,Crew Neck Sweater,Clothing,144.48,40,Crew Neck Sweater — Clothing,2026-05-31T17:51:47.876805,2026-05-31T17:51:47.876805
108,Leather Belt,Clothing,53.49,473,Leather Belt — Clothing,2026-05-31T17:51:47.876805,2026-05-31T17:51:47.876805
109,Formal Dress Shirt,Clothing,15.96,179,Formal Dress Shirt — Clothing,2026-05-31T17:51:47.876805,2026-05-31T17:51:47.876805
110,Tailored Blazer,Clothing,23.45,131,Tailored Blazer — Clothing,2026-05-31T17:51:47.876805,2026-05-31T17:51:47.876805
111,Cotton Casual Shorts,Clothing,62.9,258,Cotton Casual Shorts — Clothing,2026-05-31T17:51:47.876805,2026-05-31T17:51:47.876805
112,Running Sneakers,Clothing,50.69,77,Running Sneakers — Clothing,2026-05-31T17:51:47.876805,2026-05-31T17:51:47.876805
113,Canvas Sneakers,Clothing,147.43,461,Canvas Sneakers — Clothing,2026-05-31T17:51:47.876805,2026-05-31T17:51:47.876805
114,Leather Loafers,Clothing,118.49,252,Leather Loafers — Clothing,2026-05-31T17:51:47.876805,2026-05-31T17:51:47.876805
115,Winter Parka,Clothing,56.16,252,Winter Parka — Clothing,2026-05-31T17:51:47.876805,2026-05-31T17:51:47.876805
116,Lightweight Rain Jacket,Clothing,163.41,107,Lightweight Rain Jacket — Clothing,2026-05-31T17:51:47.876805,2026-05-31T17:51:47.876805
117,Swim Trunks,Clothing,27.91,347,Swim Trunks — Clothing,2026-05-31T17:51:47.876805,2026-05-31T17:51:47.876805
118,High-Waist Yoga Pants,Clothing,91.89,226,High-Waist Yoga Pants — Clothing,2026-05-31T17:51:47.876805,2026-05-31T17:51:47.876805
119,Sports Bra,Clothing,88.1,452,Sports Bra — Clothing,2026-05-31T17:51:47.876805,2026-05-31T17:51:47.876805
120,Floral Casual Dress,Clothing,148.51,354,Floral Casual Dress — Clothing,2026-05-31T17:51:47.876805,2026-05-31T17:51:47.876805
121,Maxi Skirt,Clothing,134.15,340,Maxi Skirt — Clothing,2026-05-31T17:51:47.876805,2026-05-31T17:51:47.876805
122,Cashmere Scarf,Clothing,28.69,216,Cashmere Scarf — Clothing,2026-05-31T17:51:47.876805,2026-05-31T17:51:47.876805
123,Knitted Beanie Hat,Clothing,148.35,419,Knitted Beanie Hat — Clothing,2026-05-31T17:51:47.876805,2026-05-31T17:51:47.876805
124,Aviator Sunglasses,Clothing,173.71,137,Aviator Sunglasses — Clothing,2026-05-31T17:51:47.876805,2026-05-31T17:51:47.876805
125,Minimalist Leather Wallet,Clothing,46.39,284,Minimalist Leather Wallet — Clothing,2026-05-31T17:51:47.876805,2026-05-31T17:51:47.876805
126,Classic Fit T-Shirt — Pro,Clothing,95.23,226,Classic Fit T-Shirt — Pro — Clothing,2026-05-31T17:51:47.876805,2026-05-31T17:51:47.876805
127,Slim Fit Polo Shirt — Pro,Clothing,44.85,246,Slim Fit Polo Shirt — Pro — Clothing,2026-05-31T17:51:47.876805,2026-05-31T17:51:47.876805
128,Skinny Jeans — Pro,Clothing,57.45,482,Skinny Jeans — Pro — Clothing,2026-05-31T17:51:47.876805,2026-05-31T17:51:47.876805
129,Casual Chino Pants — Pro,Clothing,24.31,423,Casual Chino Pants — Pro — Clothing,2026-05-31T17:51:47.876805,2026-05-31T17:51:47.876805
130,Denim Jacket — Pro,Clothing,173.65,291,Denim Jacket — Pro — Clothing,2026-05-31T17:51:47.876805,2026-05-31T17:51:47.876805
131,Hooded Sweatshirt — Pro,Clothing,28.59,343,Hooded Sweatshirt — Pro — Clothing,2026-05-31T17:51:47.876805,2026-05-31T17:51:47.876805
132,Crew Neck Sweater — Pro,Clothing,199.85,438,Crew Neck Sweater — Pro — Clothing,2026-05-31T17:51:47.876805,2026-05-31T17:51:47.876805
133,Leather Belt — Pro,Clothing,12.79,57,Leather Belt — Pro — Clothing,2026-05-31T17:51:47.876805,2026-05-31T17:51:47.876805
134,Formal Dress Shirt — Pro,Clothing,186.0,444,Formal Dress Shirt — Pro — Clothing,2026-05-31T17:51:47.876805,2026-05-31T17:51:47.876805
135,Tailored Blazer — Pro,Clothing,54.9,218,Tailored Blazer — Pro — Clothing,2026-05-31T17:51:47.876805,2026-05-31T17:51:47.876805
136,Cotton Casual Shorts — Pro,Clothing,102.26,119,Cotton Casual Shorts — Pro — Clothing,2026-05-31T17:51:47.876805,2026-05-31T17:51:47.876805
137,Running Sneakers — Pro,Clothing,174.27,472,Running Sneakers — Pro — Clothing,2026-05-31T17:51:47.876805,2026-05-31T17:51:47.876805
138,Canvas Sneakers — Pro,Clothing,21.13,204,Canvas Sneakers — Pro — Clothing,2026-05-31T17:51:47.876805,2026-05-31T17:51:47.876805
139,Leather Loafers — Pro,Clothing,10.4,209,Leather Loafers — Pro — Clothing,2026-05-31T17:51:47.876805,2026-05-31T17:51:47.876805
140,Winter Parka — Pro,Clothing,60.38,411,Winter Parka — Pro — Clothing,2026-05-31T17:51:47.876805,2026-05-31T17:51:47.876805
141,Lightweight Rain Jacket — Pro,Clothing,159.16,156,Lightweight Rain Jacket — Pro — Clothing,2026-05-31T17:51:47.876805,2026-05-31T17:51:47.876805
142,Swim Trunks — Pro,Clothing,90.36,500,Swim Trunks — Pro — Clothing,2026-05-31T17:51:47.876805,2026-05-31T17:51:47.876805
143,High-Waist Yoga Pants — Pro,Clothing,148.79,411,High-Waist Yoga Pants — Pro — Clothing,2026-05-31T17:51:47.876805,2026-05-31T17:51:47.876805
144,Sports Bra — Pro,Clothing,115.59,377,Sports Bra — Pro — Clothing,2026-05-31T17:51:47.876805,2026-05-31T17:51:47.876805
145,Floral Casual Dress — Pro,Clothing,102.46,107,Floral Casual Dress — Pro — Clothing,2026-05-31T17:51:47.876805,2026-05-31T17:51:47.876805
146,Maxi Skirt — Pro,Clothing,66.36,39,Maxi Skirt — Pro — Clothing,2026-05-31T17:51:47.876805,2026-05-31T17:51:47.876805
147,Cashmere Scarf — Pro,Clothing,120.03,287,Cashmere Scarf — Pro — Clothing,2026-05-31T17:51:47.876805,2026-05-31T17:51:47.876805
148,Knitted Beanie Hat — Pro,Clothing,21.57,170,Knitted Beanie Hat — Pro — Clothing,2026-05-31T17:51:47.876805,2026-05-31T17:51:47.876805
149,Aviator Sunglasses — Pro,Clothing,20.85,309,Aviator Sunglasses — Pro — Clothing,2026-05-31T17:51:47.876805,2026-05-31T17:51:47.876805
150,Minimalist Leather Wallet — Pro,Clothing,100.58,480,Minimalist Leather Wallet — Pro — Clothing,2026-05-31T17:51:47.876805,2026-05-31T17:51:47.876805
151,Classic Fit T-Shirt — Plus,Clothing,172.01,90,Classic Fit T-Shirt — Plus — Clothing,2026-05-31T17:51:47.876805,2026-05-31T17:51:47.876805
152,Slim Fit Polo Shirt — Plus,Clothing,20.8,270,Slim Fit Polo Shirt — Plus — Clothing,2026-05-31T17:51:47.876805,2026-05-31T17:51:47.876805
153,Skinny Jeans — Plus,Clothing,25.21,105,Skinny Jeans — Plus — Clothing,2026-05-31T17:51:47.876805,2026-05-31T17:51:47.876805
154,Casual Chino Pants — Plus,Clothing,23.01,44,Casual Chino Pants — Plus — Clothing,2026-05-31T17:51:47.876805,2026-05-31T17:51:47.876805
155,Denim Jacket — Plus,Clothing,138.28,130,Denim Jacket — Plus — Clothing,2026-05-31T17:51:47.876805,2026-05-31T17:51:47.876805
156,Hooded Sweatshirt — Plus,Clothing,86.71,492,Hooded Sweatshirt — Plus — Clothing,2026-05-31T17:51:47.876805,2026-05-31T17:51:47.876805
157,Crew Neck Sweater — Plus,Clothing,179.14,136,Crew Neck Sweater — Plus — Clothing,2026-05-31T17:51:47.876805,2026-05-31T17:51:47.876805
158,Leather Belt — Plus,Clothing,119.98,30,Leather Belt — Plus — Clothing,2026-05-31T17:51:47.876805,2026-05-31T17:51:47.876805
159,Formal Dress Shirt — Plus,Clothing,127.67,224,Formal Dress Shirt — Plus — Clothing,2026-05-31T17:51:47.876805,2026-05-31T17:51:47.876805
160,Tailored Blazer — Plus,Clothing,134.89,299,Tailored Blazer — Plus — Clothing,2026-05-31T17:51:47.876805,2026-05-31T17:51:47.876805
161,Cotton Casual Shorts — Plus,Clothing,109.32,488,Cotton Casual Shorts — Plus — Clothing,2026-05-31T17:51:47.876805,2026-05-31T17:51:47.876805
162,Running Sneakers — Plus,Clothing,59.54,352,Running Sneakers — Plus — Clothing,2026-05-31T17:51:47.876805,2026-05-31T17:51:47.876805
163,Canvas Sneakers — Plus,Clothing,146.07,132,Canvas Sneakers — Plus — Clothing,2026-05-31T17:51:47.876805,2026-05-31T17:51:47.876805
164,Leather Loafers — Plus,Clothing,60.46,77,Leather Loafers — Plus — Clothing,2026-05-31T17:51:47.876805,2026-05-31T17:51:47.876805
165,Winter Parka — Plus,Clothing,137.61,163,Winter Parka — Plus — Clothing,2026-05-31T17:51:47.876805,2026-05-31T17:51:47.876805
166,Lightweight Rain Jacket — Plus,Clothing,96.86,485,Lightweight Rain Jacket — Plus — Clothing,2026-05-31T17:51:47.876805,2026-05-31T17:51:47.876805
167,Swim Trunks — Plus,Clothing,152.84,47,Swim Trunks — Plus — Clothing,2026-05-31T17:51:47.876805,2026-05-31T17:51:47.876805
168,High-Waist Yoga Pants — Plus,Clothing,11.76,328,High-Waist Yoga Pants — Plus — Clothing,2026-05-31T17:51:47.876805,2026-05-31T17:51:47.876805
169,Sports Bra — Plus,Clothing,199.7,61,Sports Bra — Plus — Clothing,2026-05-31T17:51:47.876805,2026-05-31T17:51:47.876805
170,Floral Casual Dress — Plus,Clothing,23.91,119,Floral Casual Dress — Plus — Clothing,2026-05-31T17:51:47.876805,2026-05-31T17:51:47.876805
171,Maxi Skirt — Plus,Clothing,106.11,77,Maxi Skirt — Plus — Clothing,2026-05-31T17:51:47.876805,2026-05-31T17:51:47.876805
172,Cashmere Scarf — Plus,Clothing,187.31,461,Cashmere Scarf — Plus — Clothing,2026-05-31T17:51:47.876805,2026-05-31T17:51:47.876805
173,Knitted Beanie Hat — Plus,Clothing,23.06,135,Knitted Beanie Hat — Plus — Clothing,2026-05-31T17:51:47.876805,2026-05-31T17:51:47.876805
174,Aviator Sunglasses — Plus,Clothing,80.2,90,Aviator Sunglasses — Plus — Clothing,2026-05-31T17:51:47.876805,2026-05-31T17:51:47.876805
175,Minimalist Leather Wallet — Plus,Clothing,93.25,288,Minimalist Leather Wallet — Plus — Clothing,2026-05-31T17:51:47.876805,2026-05-31T17:51:47.876805
176,Classic Fit T-Shirt — Elite,Clothing,143.66,323,Classic Fit T-Shirt — Elite — Clothing,2026-05-31T17:51:47.876805,2026-05-31T17:51:47.876805
177,Slim Fit Polo Shirt — Elite,Clothing,196.92,423,Slim Fit Polo Shirt — Elite — Clothing,2026-05-31T17:51:47.876805,2026-05-31T17:51:47.876805
178,Skinny Jeans — Elite,Clothing,134.25,14,Skinny Jeans — Elite — Clothing,2026-05-31T17:51:47.876805,2026-05-31T17:51:47.876805
179,Casual Chino Pants — Elite,Clothing,136.88,293,Casual Chino Pants — Elite — Clothing,2026-05-31T17:51:47.876805,2026-05-31T17:51:47.876805
180,Denim Jacket — Elite,Clothing,66.87,349,Denim Jacket — Elite — Clothing,2026-05-31T17:51:47.876805,2026-05-31T17:51:47.876805
181,Hooded Sweatshirt — Elite,Clothing,29.67,459,Hooded Sweatshirt — Elite — Clothing,2026-05-31T17:51:47.876805,2026-05-31T17:51:47.876805
182,Crew Neck Sweater — Elite,Clothing,35.51,69,Crew Neck Sweater — Elite — Clothing,2026-05-31T17:51:47.876805,2026-05-31T17:51:47.876805
183,Leather Belt — Elite,Clothing,179.04,390,Leather Belt — Elite — Clothing,2026-05-31T17:51:47.876805,2026-05-31T17:51:47.876805
184,Formal Dress Shirt — Elite,Clothing,115.1,149,Formal Dress Shirt — Elite — Clothing,2026-05-31T17:51:47.876805,2026-05-31T17:51:47.876805
185,Tailored Blazer — Elite,Clothing,63.52,117,Tailored Blazer — Elite — Clothing,2026-05-31T17:51:47.876805,2026-05-31T17:51:47.876805
186,Cotton Casual Shorts — Elite,Clothing,146.34,114,Cotton Casual Shorts — Elite — Clothing,2026-05-31T17:51:47.876805,2026-05-31T17:51:47.876805
187,Running Sneakers — Elite,Clothing,140.61,446,Running Sneakers — Elite — Clothing,2026-05-31T17:51:47.876805,2026-05-31T17:51:47.876805
188,Canvas Sneakers — Elite,Clothing,60.15,260,Canvas Sneakers — Elite — Clothing,2026-05-31T17:51:47.876805,2026-05-31T17:51:47.876805
189,Leather Loafers — Elite,Clothing,57.7,474,Leather Loafers — Elite — Clothing,2026-05-31T17:51:47.876805,2026-05-31T17:51:47.876805
190,Winter Parka — Elite,Clothing,170.75,57,Winter Parka — Elite — Clothing,2026-05-31T17:51:47.876805,2026-05-31T17:51:47.876805
191,Lightweight Rain Jacket — Elite,Clothing,130.5,434,Lightweight Rain Jacket — Elite — Clothing,2026-05-31T17:51:47.876805,2026-05-31T17:51:47.876805
192,Swim Trunks — Elite,Clothing,62.56,11,Swim Trunks — Elite — Clothing,2026-05-31T17:51:47.876805,2026-05-31T17:51:47.876805
193,High-Waist Yoga Pants — Elite,Clothing,73.37,76,High-Waist Yoga Pants — Elite — Clothing,2026-05-31T17:51:47.876805,2026-05-31T17:51:47.876805
194,Sports Bra — Elite,Clothing,131.04,144,Sports Bra — Elite — Clothing,2026-05-31T17:51:47.876805,2026-05-31T17:51:47.876805
195,Floral Casual Dress — Elite,Clothing,40.69,236,Floral Casual Dress — Elite — Clothing,2026-05-31T17:51:47.876805,2026-05-31T17:51:47.876805
196,Maxi Skirt — Elite,Clothing,114.81,228,Maxi Skirt — Elite — Clothing,2026-05-31T17:51:47.876805,2026-05-31T17:51:47.876805
197,Cashmere Scarf — Elite,Clothing,116.56,67,Cashmere Scarf — Elite — Clothing,2026-05-31T17:51:47.876805,2026-05-31T17:51:47.876805
198,Knitted Beanie Hat — Elite,Clothing,24.29,462,Knitted Beanie Hat — Elite — Clothing,2026-05-31T17:51:47.876805,2026-05-31T17:51:47.876805
199,Aviator Sunglasses — Elite,Clothing,141.28,86,Aviator Sunglasses — Elite — Clothing,2026-05-31T17:51:47.876805,2026-05-31T17:51:47.876805
200,Minimalist Leather Wallet — Elite,Clothing,113.65,437,Minimalist Leather Wallet — Elite — Clothing,2026-05-31T17:51:47.876805,2026-05-31T17:51:47.876805
201,Decorative Throw Pillow Set,Home & Garden,187.75,292,Decorative Throw Pillow Set — Home & Garden,2026-05-31T17:51:47.876805,2026-05-31T17:51:47.876805
202,Microfiber Bed Sheet Set,Home & Garden,78.3,75,Microfiber Bed Sheet Set — Home & Garden,2026-05-31T17:51:47.876805,2026-05-31T17:51:47.876805
203,Luxury Bath Towel Set,Home & Garden,25.7,196,Luxury Bath Towel Set — Home & Garden,2026-05-31T17:51:47.876805,2026-05-31T17:51:47.876805
204,Scented Soy Candle,Home & Garden,449.99,417,Scented Soy Candle — Home & Garden,2026-05-31T17:51:47.876805,2026-05-31T17:51:47.876805
205,Modern Wall Clock,Home & Garden,486.23,30,Modern Wall Clock — Home & Garden,2026-05-31T17:51:47.876805,2026-05-31T17:51:47.876805
206,Ceramic Plant Pot,Home & Garden,449.96,117,Ceramic Plant Pot — Home & Garden,2026-05-31T17:51:47.876805,2026-05-31T17:51:47.876805
207,Indoor Herb Garden Kit,Home & Garden,342.61,351,Indoor Herb Garden Kit — Home & Garden,2026-05-31T17:51:47.876805,2026-05-31T17:51:47.876805
208,Stainless Steel Knife Set,Home & Garden,55.87,409,Stainless Steel Knife Set — Home & Garden,2026-05-31T17:51:47.876805,2026-05-31T17:51:47.876805
209,Bamboo Cutting Board Set,Home & Garden,282.13,457,Bamboo Cutting Board Set — Home & Garden,2026-05-31T17:51:47.876805,2026-05-31T17:51:47.876805
210,Porcelain Coffee Mug Set,Home & Garden,206.15,327,Porcelain Coffee Mug Set — Home & Garden,2026-05-31T17:51:47.876805,2026-05-31T17:51:47.876805
211,Gardening Gloves,Home & Garden,375.98,483,Gardening Gloves — Home & Garden,2026-05-31T17:51:47.876805,2026-05-31T17:51:47.876805
212,Wooden Bird Feeder,Home & Garden,465.28,452,Wooden Bird Feeder — Home & Garden,2026-05-31T17:51:47.876805,2026-05-31T17:51:47.876805
213,Expandable Garden Hose,Home & Garden,85.43,419,Expandable Garden Hose — Home & Garden,2026-05-31T17:51:47.876805,2026-05-31T17:51:47.876805
214,Patio Chair Cushion Set,Home & Garden,406.32,461,Patio Chair Cushion Set — Home & Garden,2026-05-31T17:51:47.876805,2026-05-31T17:51:47.876805
215,Collage Photo Frame Set,Home & Garden,209.08,101,Collage Photo Frame Set — Home & Garden,2026-05-31T17:51:47.876805,2026-05-31T17:51:47.876805
216,Decorative Glass Vase,Home & Garden,369.59,180,Decorative Glass Vase — Home & Garden,2026-05-31T17:51:47.876805,2026-05-31T17:51:47.876805
217,Non-Slip Area Rug,Home & Garden,392.27,220,Non-Slip Area Rug — Home & Garden,2026-05-31T17:51:47.876805,2026-05-31T17:51:47.876805
218,Woven Storage Basket Set,Home & Garden,402.1,452,Woven Storage Basket Set — Home & Garden,2026-05-31T17:51:47.876805,2026-05-31T17:51:47.876805
219,Decorative Throw Pillow Set — Pro,Home & Garden,368.84,137,Decorative Throw Pillow Set — Pro — Home & Garden,2026-05-31T17:51:47.876805,2026-05-31T17:51:47.876805
220,Microfiber Bed Sheet Set — Pro,Home & Garden,137.06,413,Microfiber Bed Sheet Set — Pro — Home & Garden,2026-05-31T17:51:47.876805,2026-05-31T17:51:47.876805
221,Luxury Bath Towel Set — Pro,Home & Garden,352.12,205,Luxury Bath Towel Set — Pro — Home & Garden,2026-05-31T17:51:47.876805,2026-05-31T17:51:47.876805
222,Scented Soy Candle — Pro,Home & Garden,436.71,449,Scented Soy Candle — Pro — Home & Garden,2026-05-31T17:51:47.876805,2026-05-31T17:51:47.876805
223,Modern Wall Clock — Pro,Home & Garden,237.98,112,Modern Wall Clock — Pro — Home & Garden,2026-05-31T17:51:47.876805,2026-05-31T17:51:47.876805
224,Ceramic Plant Pot — Pro,Home & Garden,409.2,245,Ceramic Plant Pot — Pro — Home & Garden,2026-05-31T17:51:47.876805,2026-05-31T17:51:47.876805
225,Indoor Herb Garden Kit — Pro,Home & Garden,178.07,430,Indoor Herb Garden Kit — Pro — Home & Garden,2026-05-31T17:51:47.876805,2026-05-31T17:51:47.876805
226,Stainless Steel Knife Set — Pro,Home & Garden,398.69,126,Stainless Steel Knife Set — Pro — Home & Garden,2026-05-31T17:51:47.876805,2026-05-31T17:51:47.876805
227,Bamboo Cutting Board Set — Pro,Home & Garden,115.34,347,Bamboo Cutting Board Set — Pro — Home & Garden,2026-05-31T17:51:47.876805,2026-05-31T17:51:47.876805
228,Porcelain Coffee Mug Set — Pro,Home & Garden,100.59,178,Porcelain Coffee Mug Set — Pro — Home & Garden,2026-05-31T17:51:47.876805,2026-05-31T17:51:47.876805
229,Gardening Gloves — Pro,Home & Garden,142.9,45,Gardening Gloves — Pro — Home & Garden,2026-05-31T17:51:47.876805,2026-05-31T17:51:47.876805
230,Wooden Bird Feeder — Pro,Home & Garden,483.6,152,Wooden Bird Feeder — Pro — Home & Garden,2026-05-31T17:51:47.876805,2026-05-31T17:51:47.876805
231,Expandable Garden Hose — Pro,Home & Garden,178.81,270,Expandable Garden Hose — Pro — Home & Garden,2026-05-31T17:51:47.876805,2026-05-31T17:51:47.876805
232,Patio Chair Cushion Set — Pro,Home & Garden,202.83,441,Patio Chair Cushion Set — Pro — Home & Garden,2026-05-31T17:51:47.876805,2026-05-31T17:51:47.876805
233,Collage Photo Frame Set — Pro,Home & Garden,270.42,490,Collage Photo Frame Set — Pro — Home & Garden,2026-05-31T17:51:47.876805,2026-05-31T17:51:47.876805
234,Decorative Glass Vase — Pro,Home & Garden,18.65,459,Decorative Glass Vase — Pro — Home & Garden,2026-05-31T17:51:47.876805,2026-05-31T17:51:47.876805
235,Non-Slip Area Rug — Pro,Home & Garden,485.34,101,Non-Slip Area Rug — Pro — Home & Garden,2026-05-31T17:51:47.876805,2026-05-31T17:51:47.876805
236,Woven Storage Basket Set — Pro,Home & Garden,292.38,145,Woven Storage Basket Set — Pro — Home & Garden,2026-05-31T17:51:47.876805,2026-05-31T17:51:47.876805
237,Decorative Throw Pillow Set — Plus,Home & Garden,23.93,315,Decorative Throw Pillow Set — Plus — Home & Garden,2026-05-31T17:51:47.876805,2026-05-31T17:51:47.876805
238,Microfiber Bed Sheet Set — Plus,Home & Garden,220.1,383,Microfiber Bed Sheet Set — Plus — Home & Garden,2026-05-31T17:51:47.876805,2026-05-31T17:51:47.876805
239,Luxury Bath Towel Set — Plus,Home & Garden,394.27,233,Luxury Bath Towel Set — Plus — Home & Garden,2026-05-31T17:51:47.876805,2026-05-31T17:51:47.876805
240,Scented Soy Candle — Plus,Home & Garden,305.06,271,Scented Soy Candle — Plus — Home & Garden,2026-05-31T17:51:47.876805,2026-05-31T17:51:47.876805
241,Modern Wall Clock — Plus,Home & Garden,62.23,470,Modern Wall Clock — Plus — Home & Garden,2026-05-31T17:51:47.876805,2026-05-31T17:51:47.876805
242,Ceramic Plant Pot — Plus,Home & Garden,290.4,140,Ceramic Plant Pot — Plus — Home & Garden,2026-05-31T17:51:47.876805,2026-05-31T17:51:47.876805
243,Indoor Herb Garden Kit — Plus,Home & Garden,26.96,233,Indoor Herb Garden Kit — Plus — Home & Garden,2026-05-31T17:51:47.876805,2026-05-31T17:51:47.876805
244,Stainless Steel Knife Set — Plus,Home & Garden,5.83,483,Stainless Steel Knife Set — Plus — Home & Garden,2026-05-31T17:51:47.876805,2026-05-31T17:51:47.876805
245,Bamboo Cutting Board Set — Plus,Home & Garden,404.21,361,Bamboo Cutting Board Set — Plus — Home & Garden,2026-05-31T17:51:47.876805,2026-05-31T17:51:47.876805
246,Porcelain Coffee Mug Set — Plus,Home & Garden,361.11,389,Porcelain Coffee Mug Set — Plus — Home & Garden,2026-05-31T17:51:47.876805,2026-05-31T17:51:47.876805
247,Gardening Gloves — Plus,Home & Garden,369.82,110,Gardening Gloves — Plus — Home & Garden,2026-05-31T17:51:47.876805,2026-05-31T17:51:47.876805
248,Wooden Bird Feeder — Plus,Home & Garden,185.28,45,Wooden Bird Feeder — Plus — Home & Garden,2026-05-31T17:51:47.876805,2026-05-31T17:51:47.876805
249,Expandable Garden Hose — Plus,Home & Garden,474.68,481,Expandable Garden Hose — Plus — Home & Garden,2026-05-31T17:51:47.876805,2026-05-31T17:51:47.876805
250,Patio Chair Cushion Set — Plus,Home & Garden,168.44,170,Patio Chair Cushion Set — Plus — Home & Garden,2026-05-31T17:51:47.876805,2026-05-31T17:51:47.876805
251,Collage Photo Frame Set — Plus,Home & Garden,333.37,73,Collage Photo Frame Set — Plus — Home & Garden,2026-05-31T17:51:47.876805,2026-05-31T17:51:47.876805
252,Decorative Glass Vase — Plus,Home & Garden,361.27,163,Decorative Glass Vase — Plus — Home & Garden,2026-05-31T17:51:47.876805,2026-05-31T17:51:47.876805
253,Non-Slip Area Rug — Plus,Home & Garden,256.02,351,Non-Slip Area Rug — Plus — Home & Garden,2026-05-31T17:51:47.876805,2026-05-31T17:51:47.876805
254,Woven Storage Basket Set — Plus,Home & Garden,207.14,216,Woven Storage Basket Set — Plus — Home & Garden,2026-05-31T17:51:47.876805,2026-05-31T17:51:47.876805
255,Decorative Throw Pillow Set — Elite,Home & Garden,350.11,293,Decorative Throw Pillow Set — Elite — Home & Garden,2026-05-31T17:51:47.876805,2026-05-31T17:51:47.876805
256,Microfiber Bed Sheet Set — Elite,Home & Garden,68.0,225,Microfiber Bed Sheet Set — Elite — Home & Garden,2026-05-31T17:51:47.876805,2026-05-31T17:51:47.876805
257,Luxury Bath Towel Set — Elite,Home & Garden,334.13,204,Luxury Bath Towel Set — Elite — Home & Garden,2026-05-31T17:51:47.876805,2026-05-31T17:51:47.876805
258,Scented Soy Candle — Elite,Home & Garden,340.26,472,Scented Soy Candle — Elite — Home & Garden,2026-05-31T17:51:47.876805,2026-05-31T17:51:47.876805
259,Modern Wall Clock — Elite,Home & Garden,91.13,301,Modern Wall Clock — Elite — Home & Garden,2026-05-31T17:51:47.876805,2026-05-31T17:51:47.876805
260,Ceramic Plant Pot — Elite,Home & Garden,153.96,290,Ceramic Plant Pot — Elite — Home & Garden,2026-05-31T17:51:47.876805,2026-05-31T17:51:47.876805
261,Indoor Herb Garden Kit — Elite,Home & Garden,417.68,165,Indoor Herb Garden Kit — Elite — Home & Garden,2026-05-31T17:51:47.876805,2026-05-31T17:51:47.876805
262,Stainless Steel Knife Set — Elite,Home & Garden,147.01,230,Stainless Steel Knife Set — Elite — Home & Garden,2026-05-31T17:51:47.876805,2026-05-31T17:51:47.876805
263,Bamboo Cutting Board Set — Elite,Home & Garden,393.94,320,Bamboo Cutting Board Set — Elite — Home & Garden,2026-05-31T17:51:47.876805,2026-05-31T17:51:47.876805
264,Porcelain Coffee Mug Set — Elite,Home & Garden,329.07,248,Porcelain Coffee Mug Set — Elite — Home & Garden,2026-05-31T17:51:47.876805,2026-05-31T17:51:47.876805
265,Gardening Gloves — Elite,Home & Garden,223.67,355,Gardening Gloves — Elite — Home & Garden,2026-05-31T17:51:47.876805,2026-05-31T17:51:47.876805
266,Wooden Bird Feeder — Elite,Home & Garden,110.77,252,Wooden Bird Feeder — Elite — Home & Garden,2026-05-31T17:51:47.876805,2026-05-31T17:51:47.876805
267,Expandable Garden Hose — Elite,Home & Garden,397.89,417,Expandable Garden Hose — Elite — Home & Garden,2026-05-31T17:51:47.876805,2026-05-31T17:51:47.876805
268,Patio Chair Cushion Set — Elite,Home & Garden,369.29,347,Patio Chair Cushion Set — Elite — Home & Garden,2026-05-31T17:51:47.876805,2026-05-31T17:51:47.876805
269,Collage Photo Frame Set — Elite,Home & Garden,46.96,273,Collage Photo Frame Set — Elite — Home & Garden,2026-05-31T17:51:47.876805,2026-05-31T17:51:47.876805
270,Decorative Glass Vase — Elite,Home & Garden,333.6,327,Decorative Glass Vase — Elite — Home & Garden,2026-05-31T17:51:47.876805,2026-05-31T17:51:47.876805
271,The Art of Data Engineering,Books,30.79,429,The Art of Data Engineering — Books,2026-05-31T17:51:47.876805,2026-05-31T17:51:47.876805
272,Python for Data Analysis,Books,76.44,130,Python for Data Analysis — Books,2026-05-31T17:51:47.876805,2026-05-31T17:51:47.876805
273,SQL for Analytics Professionals,Books,55.78,125,SQL for Analytics Professionals — Books,2026-05-31T17:51:47.876805,2026-05-31T17:51:47.876805
274,Cloud Architecture Patterns,Books,65.68,85,Cloud Architecture Patterns — Books,2026-05-31T17:51:47.876805,2026-05-31T17:51:47.876805
275,Machine Learning Fundamentals,Books,7.8,135,Machine Learning Fundamentals — Books,2026-05-31T17:51:47.876805,2026-05-31T17:51:47.876805
276,The Data Warehouse Toolkit,Books,78.8,322,The Data Warehouse Toolkit — Books,2026-05-31T17:51:47.876805,2026-05-31T17:51:47.876805
277,Clean Code: A Handbook,Books,68.87,47,Clean Code: A Handbook — Books,2026-05-31T17:51:47.876805,2026-05-31T17:51:47.876805
278,System Design Interview Guide,Books,39.69,463,System Design Interview Guide — Books,2026-05-31T17:51:47.876805,2026-05-31T17:51:47.876805
279,Storytelling with Data,Books,52.59,109,Storytelling with Data — Books,2026-05-31T17:51:47.876805,2026-05-31T17:51:47.876805
280,The Phoenix Project,Books,59.15,206,The Phoenix Project — Books,2026-05-31T17:51:47.876805,2026-05-31T17:51:47.876805
281,Designing Data-Intensive Applications,Books,42.57,134,Designing Data-Intensive Applications — Books,2026-05-31T17:51:47.876805,2026-05-31T17:51:47.876805
282,The Pragmatic Programmer,Books,16.91,362,The Pragmatic Programmer — Books,2026-05-31T17:51:47.876805,2026-05-31T17:51:47.876805
283,Lean Analytics,Books,6.4,394,Lean Analytics — Books,2026-05-31T17:51:47.876805,2026-05-31T17:51:47.876805
284,Trustworthy Online Experiments,Books,69.66,463,Trustworthy Online Experiments — Books,2026-05-31T17:51:47.876805,2026-05-31T17:51:47.876805
285,Database Internals,Books,13.88,227,Database Internals — Books,2026-05-31T17:51:47.876805,2026-05-31T17:51:47.876805
286,The Art of Data Engineering — Pro,Books,22.18,421,The Art of Data Engineering — Pro — Books,2026-05-31T17:51:47.876805,2026-05-31T17:51:47.876805
287,Python for Data Analysis — Pro,Books,76.88,275,Python for Data Analysis — Pro — Books,2026-05-31T17:51:47.876805,2026-05-31T17:51:47.876805
288,SQL for Analytics Professionals — Pro,Books,40.37,295,SQL for Analytics Professionals — Pro — Books,2026-05-31T17:51:47.876805,2026-05-31T17:51:47.876805
289,Cloud Architecture Patterns — Pro,Books,24.43,444,Cloud Architecture Patterns — Pro — Books,2026-05-31T17:51:47.876805,2026-05-31T17:51:47.876805
290,Machine Learning Fundamentals — Pro,Books,14.97,78,Machine Learning Fundamentals — Pro — Books,2026-05-31T17:51:47.876805,2026-05-31T17:51:47.876805
291,The Data Warehouse Toolkit — Pro,Books,65.29,351,The Data Warehouse Toolkit — Pro — Books,2026-05-31T17:51:47.876805,2026-05-31T17:51:47.876805
292,Clean Code: A Handbook — Pro,Books,45.29,296,Clean Code: A Handbook — Pro — Books,2026-05-31T17:51:47.876805,2026-05-31T17:51:47.876805
293,System Design Interview Guide — Pro,Books,50.05,496,System Design Interview Guide — Pro — Books,2026-05-31T17:51:47.876805,2026-05-31T17:51:47.876805
294,Storytelling with Data — Pro,Books,61.88,236,Storytelling with Data — Pro — Books,2026-05-31T17:51:47.876805,2026-05-31T17:51:47.876805
295,The Phoenix Project — Pro,Books,51.33,378,The Phoenix Project — Pro — Books,2026-05-31T17:51:47.876805,2026-05-31T17:51:47.876805
296,Designing Data-Intensive Applications — Pro,Books,72.0,228,Designing Data-Intensive Applications — Pro — Books,2026-05-31T17:51:47.876805,2026-05-31T17:51:47.876805
297,The Pragmatic Programmer — Pro,Books,67.45,290,The Pragmatic Programmer — Pro — Books,2026-05-31T17:51:47.876805,2026-05-31T17:51:47.876805
298,Lean Analytics — Pro,Books,38.99,91,Lean Analytics — Pro — Books,2026-05-31T17:51:47.876805,2026-05-31T17:51:47.876805
299,Trustworthy Online Experiments — Pro,Books,61.02,253,Trustworthy Online Experiments — Pro — Books,2026-05-31T17:51:47.876805,2026-05-31T17:51:47.876805
300,Database Internals — Pro,Books,39.3,394,Database Internals — Pro — Books,2026-05-31T17:51:47.876805,2026-05-31T17:51:47.876805
301,The Art of Data Engineering — Plus,Books,24.29,336,The Art of Data Engineering — Plus — Books,2026-05-31T17:51:47.876805,2026-05-31T17:51:47.876805
302,Python for Data Analysis — Plus,Books,26.51,408,Python for Data Analysis — Plus — Books,2026-05-31T17:51:47.876805,2026-05-31T17:51:47.876805
303,SQL for Analytics Professionals — Plus,Books,44.57,330,SQL for Analytics Professionals — Plus — Books,2026-05-31T17:51:47.876805,2026-05-31T17:51:47.876805
304,Cloud Architecture Patterns — Plus,Books,23.69,235,Cloud Architecture Patterns — Plus — Books,2026-05-31T17:51:47.876805,2026-05-31T17:51:47.876805
305,Machine Learning Fundamentals — Plus,Books,11.72,156,Machine Learning Fundamentals — Plus — Books,2026-05-31T17:51:47.876805,2026-05-31T17:51:47.876805
306,The Data Warehouse Toolkit — Plus,Books,23.34,181,The Data Warehouse Toolkit — Plus — Books,2026-05-31T17:51:47.876805,2026-05-31T17:51:47.876805
307,Clean Code: A Handbook — Plus,Books,29.65,286,Clean Code: A Handbook — Plus — Books,2026-05-31T17:51:47.876805,2026-05-31T17:51:47.876805
308,System Design Interview Guide — Plus,Books,11.95,87,System Design Interview Guide — Plus — Books,2026-05-31T17:51:47.876805,2026-05-31T17:51:47.876805
309,Storytelling with Data — Plus,Books,23.1,365,Storytelling with Data — Plus — Books,2026-05-31T17:51:47.876805,2026-05-31T17:51:47.876805
310,The Phoenix Project — Plus,Books,17.3,119,The Phoenix Project — Plus — Books,2026-05-31T17:51:47.876805,2026-05-31T17:51:47.876805
311,Designing Data-Intensive Applications — Plus,Books,10.74,218,Designing Data-Intensive Applications — Plus — Books,2026-05-31T17:51:47.876805,2026-05-31T17:51:47.876805
312,The Pragmatic Programmer — Plus,Books,30.48,248,The Pragmatic Programmer — Plus — Books,2026-05-31T17:51:47.876805,2026-05-31T17:51:47.876805
313,Lean Analytics — Plus,Books,36.76,115,Lean Analytics — Plus — Books,2026-05-31T17:51:47.876805,2026-05-31T17:51:47.876805
314,Trustworthy Online Experiments — Plus,Books,67.62,209,Trustworthy Online Experiments — Plus — Books,2026-05-31T17:51:47.876805,2026-05-31T17:51:47.876805
315,Database Internals — Plus,Books,72.95,309,Database Internals — Plus — Books,2026-05-31T17:51:47.876805,2026-05-31T17:51:47.876805
316,The Art of Data Engineering — Elite,Books,76.0,20,The Art of Data Engineering — Elite — Books,2026-05-31T17:51:47.876805,2026-05-31T17:51:47.876805
317,Python for Data Analysis — Elite,Books,69.39,401,Python for Data Analysis — Elite — Books,2026-05-31T17:51:47.876805,2026-05-31T17:51:47.876805
318,SQL for Analytics Professionals — Elite,Books,48.59,254,SQL for Analytics Professionals — Elite — Books,2026-05-31T17:51:47.876805,2026-05-31T17:51:47.876805
319,Cloud Architecture Patterns — Elite,Books,6.43,190,Cloud Architecture Patterns — Elite — Books,2026-05-31T17:51:47.876805,2026-05-31T17:51:47.876805
320,Machine Learning Fundamentals — Elite,Books,28.09,209,Machine Learning Fundamentals — Elite — Books,2026-05-31T17:51:47.876805,2026-05-31T17:51:47.876805
321,The Data Warehouse Toolkit — Elite,Books,69.15,498,The Data Warehouse Toolkit — Elite — Books,2026-05-31T17:51:47.876805,2026-05-31T17:51:47.876805
322,Clean Code: A Handbook — Elite,Books,67.83,285,Clean Code: A Handbook — Elite — Books,2026-05-31T17:51:47.876805,2026-05-31T17:51:47.876805
323,System Design Interview Guide — Elite,Books,61.31,289,System Design Interview Guide — Elite — Books,2026-05-31T17:51:47.876805,2026-05-31T17:51:47.876805
324,Storytelling with Data — Elite,Books,65.18,469,Storytelling with Data — Elite — Books,2026-05-31T17:51:47.876805,2026-05-31T17:51:47.876805
325,The Phoenix Project — Elite,Books,22.31,122,The Phoenix Project — Elite — Books,2026-05-31T17:51:47.876805,2026-05-31T17:51:47.876805
326,Designing Data-Intensive Applications — Elite,Books,26.19,258,Designing Data-Intensive Applications — Elite — Books,2026-05-31T17:51:47.876805,2026-05-31T17:51:47.876805
327,The Pragmatic Programmer — Elite,Books,8.14,182,The Pragmatic Programmer — Elite — Books,2026-05-31T17:51:47.876805,2026-05-31T17:51:47.876805
328,Lean Analytics — Elite,Books,55.49,418,Lean Analytics — Elite — Books,2026-05-31T17:51:47.876805,2026-05-31T17:51:47.876805
329,Trustworthy Online Experiments — Elite,Books,35.91,94,Trustworthy Online Experiments — Elite — Books,2026-05-31T17:51:47.876805,2026-05-31T17:51:47.876805
330,Database Internals — Elite,Books,68.19,480,Database Internals — Elite — Books,2026-05-31T17:51:47.876805,2026-05-31T17:51:47.876805
331,Premium Yoga Mat,Sports & Outdoors,85.29,328,Premium Yoga Mat — Sports & Outdoors,2026-05-31T17:51:47.876805,2026-05-31T17:51:47.876805
332,Resistance Band Set,Sports & Outdoors,325.12,474,Resistance Band Set — Sports & Outdoors,2026-05-31T17:51:47.876805,2026-05-31T17:51:47.876805
333,Adjustable Dumbbell Set,Sports & Outdoors,242.46,298,Adjustable Dumbbell Set — Sports & Outdoors,2026-05-31T17:51:47.876805,2026-05-31T17:51:47.876805
334,Speed Jump Rope,Sports & Outdoors,401.16,52,Speed Jump Rope — Sports & Outdoors,2026-05-31T17:51:47.876805,2026-05-31T17:51:47.876805
335,High-Density Foam Roller,Sports & Outdoors,389.21,79,High-Density Foam Roller — Sports & Outdoors,2026-05-31T17:51:47.876805,2026-05-31T17:51:47.876805
336,Cast Iron Kettlebell,Sports & Outdoors,521.43,103,Cast Iron Kettlebell — Sports & Outdoors,2026-05-31T17:51:47.876805,2026-05-31T17:51:47.876805
337,Insulated Stainless Steel Water Bottle,Sports & Outdoors,39.66,204,Insulated Stainless Steel Water Bottle — Sports & Outdoors,2026-05-31T17:51:47.876805,2026-05-31T17:51:47.876805
338,Hiking Backpack 40L,Sports & Outdoors,203.13,242,Hiking Backpack 40L — Sports & Outdoors,2026-05-31T17:51:47.876805,2026-05-31T17:51:47.876805
339,4-Person Camping Tent,Sports & Outdoors,202.83,399,4-Person Camping Tent — Sports & Outdoors,2026-05-31T17:51:47.876805,2026-05-31T17:51:47.876805
340,Cold-Weather Sleeping Bag,Sports & Outdoors,528.98,152,Cold-Weather Sleeping Bag — Sports & Outdoors,2026-05-31T17:51:47.876805,2026-05-31T17:51:47.876805
341,LED Rechargeable Headlamp,Sports & Outdoors,453.68,435,LED Rechargeable Headlamp — Sports & Outdoors,2026-05-31T17:51:47.876805,2026-05-31T17:51:47.876805
342,Travel Fishing Rod,Sports & Outdoors,258.71,437,Travel Fishing Rod — Sports & Outdoors,2026-05-31T17:51:47.876805,2026-05-31T17:51:47.876805
343,Road Bike Helmet,Sports & Outdoors,58.31,19,Road Bike Helmet — Sports & Outdoors,2026-05-31T17:51:47.876805,2026-05-31T17:51:47.876805
344,Graphite Tennis Racket,Sports & Outdoors,451.91,36,Graphite Tennis Racket — Sports & Outdoors,2026-05-31T17:51:47.876805,2026-05-31T17:51:47.876805
345,Premium Soccer Ball,Sports & Outdoors,599.94,189,Premium Soccer Ball — Sports & Outdoors,2026-05-31T17:51:47.876805,2026-05-31T17:51:47.876805
346,Premium Yoga Mat — Pro,Sports & Outdoors,142.28,45,Premium Yoga Mat — Pro — Sports & Outdoors,2026-05-31T17:51:47.876805,2026-05-31T17:51:47.876805
347,Resistance Band Set — Pro,Sports & Outdoors,470.92,343,Resistance Band Set — Pro — Sports & Outdoors,2026-05-31T17:51:47.876805,2026-05-31T17:51:47.876805
348,Adjustable Dumbbell Set — Pro,Sports & Outdoors,33.74,25,Adjustable Dumbbell Set — Pro — Sports & Outdoors,2026-05-31T17:51:47.876805,2026-05-31T17:51:47.876805
349,Speed Jump Rope — Pro,Sports & Outdoors,570.26,112,Speed Jump Rope — Pro — Sports & Outdoors,2026-05-31T17:51:47.876805,2026-05-31T17:51:47.876805
350,High-Density Foam Roller — Pro,Sports & Outdoors,505.14,328,High-Density Foam Roller — Pro — Sports & Outdoors,2026-05-31T17:51:47.876805,2026-05-31T17:51:47.876805
351,Cast Iron Kettlebell — Pro,Sports & Outdoors,99.9,74,Cast Iron Kettlebell — Pro — Sports & Outdoors,2026-05-31T17:51:47.876805,2026-05-31T17:51:47.876805
352,Insulated Stainless Steel Water Bottle — Pro,Sports & Outdoors,289.39,68,Insulated Stainless Steel Water Bottle — Pro — Sports & Outdoors,2026-05-31T17:51:47.876805,2026-05-31T17:51:47.876805
353,Hiking Backpack 40L — Pro,Sports & Outdoors,342.73,121,Hiking Backpack 40L — Pro — Sports & Outdoors,2026-05-31T17:51:47.876805,2026-05-31T17:51:47.876805
354,4-Person Camping Tent — Pro,Sports & Outdoors,284.36,141,4-Person Camping Tent — Pro — Sports & Outdoors,2026-05-31T17:51:47.876805,2026-05-31T17:51:47.876805
355,Cold-Weather Sleeping Bag — Pro,Sports & Outdoors,462.46,95,Cold-Weather Sleeping Bag — Pro — Sports & Outdoors,2026-05-31T17:51:47.876805,2026-05-31T17:51:47.876805
356,LED Rechargeable Headlamp — Pro,Sports & Outdoors,367.47,392,LED Rechargeable Headlamp — Pro — Sports & Outdoors,2026-05-31T17:51:47.876805,2026-05-31T17:51:47.876805
357,Travel Fishing Rod — Pro,Sports & Outdoors,433.82,408,Travel Fishing Rod — Pro — Sports & Outdoors,2026-05-31T17:51:47.876805,2026-05-31T17:51:47.876805
358,Road Bike Helmet — Pro,Sports & Outdoors,493.38,169,Road Bike Helmet — Pro — Sports & Outdoors,2026-05-31T17:51:47.876805,2026-05-31T17:51:47.876805
359,Graphite Tennis Racket — Pro,Sports & Outdoors,73.77,23,Graphite Tennis Racket — Pro — Sports & Outdoors,2026-05-31T17:51:47.876805,2026-05-31T17:51:47.876805
360,Premium Soccer Ball — Pro,Sports & Outdoors,558.03,304,Premium Soccer Ball — Pro — Sports & Outdoors,2026-05-31T17:51:47.876805,2026-05-31T17:51:47.876805
361,Premium Yoga Mat — Plus,Sports & Outdoors,409.62,500,Premium Yoga Mat — Plus — Sports & Outdoors,2026-05-31T17:51:47.876805,2026-05-31T17:51:47.876805
362,Resistance Band Set — Plus,Sports & Outdoors,231.42,492,Resistance Band Set — Plus — Sports & Outdoors,2026-05-31T17:51:47.876805,2026-05-31T17:51:47.876805
363,Adjustable Dumbbell Set — Plus,Sports & Outdoors,431.85,48,Adjustable Dumbbell Set — Plus — Sports & Outdoors,2026-05-31T17:51:47.876805,2026-05-31T17:51:47.876805
364,Speed Jump Rope — Plus,Sports & Outdoors,359.33,435,Speed Jump Rope — Plus — Sports & Outdoors,2026-05-31T17:51:47.876805,2026-05-31T17:51:47.876805
365,High-Density Foam Roller — Plus,Sports & Outdoors,380.06,62,High-Density Foam Roller — Plus — Sports & Outdoors,2026-05-31T17:51:47.876805,2026-05-31T17:51:47.876805
366,Cast Iron Kettlebell — Plus,Sports & Outdoors,421.33,164,Cast Iron Kettlebell — Plus — Sports & Outdoors,2026-05-31T17:51:47.876805,2026-05-31T17:51:47.876805
367,Insulated Stainless Steel Water Bottle — Plus,Sports & Outdoors,511.66,317,Insulated Stainless Steel Water Bottle — Plus — Sports & Outdoors,2026-05-31T17:51:47.876805,2026-05-31T17:51:47.876805
368,Hiking Backpack 40L — Plus,Sports & Outdoors,485.25,417,Hiking Backpack 40L — Plus — Sports & Outdoors,2026-05-31T17:51:47.876805,2026-05-31T17:51:47.876805
369,4-Person Camping Tent — Plus,Sports & Outdoors,590.46,410,4-Person Camping Tent — Plus — Sports & Outdoors,2026-05-31T17:51:47.876805,2026-05-31T17:51:47.876805
370,Cold-Weather Sleeping Bag — Plus,Sports & Outdoors,34.22,282,Cold-Weather Sleeping Bag — Plus — Sports & Outdoors,2026-05-31T17:51:47.876805,2026-05-31T17:51:47.876805
371,LED Rechargeable Headlamp — Plus,Sports & Outdoors,262.73,199,LED Rechargeable Headlamp — Plus — Sports & Outdoors,2026-05-31T17:51:47.876805,2026-05-31T17:51:47.876805
372,Travel Fishing Rod — Plus,Sports & Outdoors,50.67,341,Travel Fishing Rod — Plus — Sports & Outdoors,2026-05-31T17:51:47.876805,2026-05-31T17:51:47.876805
373,Road Bike Helmet — Plus,Sports & Outdoors,211.32,444,Road Bike Helmet — Plus — Sports & Outdoors,2026-05-31T17:51:47.876805,2026-05-31T17:51:47.876805
374,Graphite Tennis Racket — Plus,Sports & Outdoors,257.82,260,Graphite Tennis Racket — Plus — Sports & Outdoors,2026-05-31T17:51:47.876805,2026-05-31T17:51:47.876805
375,Premium Soccer Ball — Plus,Sports & Outdoors,72.26,195,Premium Soccer Ball — Plus — Sports & Outdoors,2026-05-31T17:51:47.876805,2026-05-31T17:51:47.876805
376,Premium Yoga Mat — Elite,Sports & Outdoors,384.99,434,Premium Yoga Mat — Elite — Sports & Outdoors,2026-05-31T17:51:47.876805,2026-05-31T17:51:47.876805
377,Resistance Band Set — Elite,Sports & Outdoors,281.24,88,Resistance Band Set — Elite — Sports & Outdoors,2026-05-31T17:51:47.876805,2026-05-31T17:51:47.876805
378,Adjustable Dumbbell Set — Elite,Sports & Outdoors,266.93,385,Adjustable Dumbbell Set — Elite — Sports & Outdoors,2026-05-31T17:51:47.876805,2026-05-31T17:51:47.876805
379,Speed Jump Rope — Elite,Sports & Outdoors,317.82,343,Speed Jump Rope — Elite — Sports & Outdoors,2026-05-31T17:51:47.876805,2026-05-31T17:51:47.876805
380,High-Density Foam Roller — Elite,Sports & Outdoors,169.34,423,High-Density Foam Roller — Elite — Sports & Outdoors,2026-05-31T17:51:47.876805,2026-05-31T17:51:47.876805
381,Cast Iron Kettlebell — Elite,Sports & Outdoors,552.56,406,Cast Iron Kettlebell — Elite — Sports & Outdoors,2026-05-31T17:51:47.876805,2026-05-31T17:51:47.876805
382,Insulated Stainless Steel Water Bottle — Elite,Sports & Outdoors,295.25,233,Insulated Stainless Steel Water Bottle — Elite — Sports & Outdoors,2026-05-31T17:51:47.876805,2026-05-31T17:51:47.876805
383,Hiking Backpack 40L — Elite,Sports & Outdoors,497.17,313,Hiking Backpack 40L — Elite — Sports & Outdoors,2026-05-31T17:51:47.876805,2026-05-31T17:51:47.876805
384,4-Person Camping Tent — Elite,Sports & Outdoors,168.34,446,4-Person Camping Tent — Elite — Sports & Outdoors,2026-05-31T17:51:47.876805,2026-05-31T17:51:47.876805
385,Cold-Weather Sleeping Bag — Elite,Sports & Outdoors,154.83,488,Cold-Weather Sleeping Bag — Elite — Sports & Outdoors,2026-05-31T17:51:47.876805,2026-05-31T17:51:47.876805
386,LED Rechargeable Headlamp — Elite,Sports & Outdoors,61.12,461,LED Rechargeable Headlamp — Elite — Sports & Outdoors,2026-05-31T17:51:47.876805,2026-05-31T17:51:47.876805
387,Travel Fishing Rod — Elite,Sports & Outdoors,275.96,394,Travel Fishing Rod — Elite — Sports & Outdoors,2026-05-31T17:51:47.876805,2026-05-31T17:51:47.876805
388,Road Bike Helmet — Elite,Sports & Outdoors,284.17,322,Road Bike Helmet — Elite — Sports & Outdoors,2026-05-31T17:51:47.876805,2026-05-31T17:51:47.876805
389,Graphite Tennis Racket — Elite,Sports & Outdoors,404.22,182,Graphite Tennis Racket — Elite — Sports & Outdoors,2026-05-31T17:51:47.876805,2026-05-31T17:51:47.876805
390,Premium Soccer Ball — Elite,Sports & Outdoors,26.92,445,Premium Soccer Ball — Elite — Sports & Outdoors,2026-05-31T17:51:47.876805,2026-05-31T17:51:47.876805
391,Hydrating Face Moisturizer,Beauty & Personal Care,51.44,259,Hydrating Face Moisturizer — Beauty & Personal Care,2026-05-31T17:51:47.876805,2026-05-31T17:51:47.876805
392,Vitamin C Brightening Serum,Beauty & Personal Care,34.96,418,Vitamin C Brightening Serum — Beauty & Personal Care,2026-05-31T17:51:47.876805,2026-05-31T17:51:47.876805
393,Moisturizing Lip Balm Set,Beauty & Personal Care,41.71,153,Moisturizing Lip Balm Set — Beauty & Personal Care,2026-05-31T17:51:47.876805,2026-05-31T17:51:47.876805
394,Nourishing Shampoo & Conditioner,Beauty & Personal Care,132.52,369,Nourishing Shampoo & Conditioner — Beauty & Personal Care,2026-05-31T17:51:47.876805,2026-05-31T17:51:47.876805
395,Shea Butter Body Lotion,Beauty & Personal Care,132.49,294,Shea Butter Body Lotion — Beauty & Personal Care,2026-05-31T17:51:47.876805,2026-05-31T17:51:47.876805
396,SPF 50 Sunscreen,Beauty & Personal Care,5.47,495,SPF 50 Sunscreen — Beauty & Personal Care,2026-05-31T17:51:47.876805,2026-05-31T17:51:47.876805
397,Professional Eye Shadow Palette,Beauty & Personal Care,31.88,133,Professional Eye Shadow Palette — Beauty & Personal Care,2026-05-31T17:51:47.876805,2026-05-31T17:51:47.876805
398,Volumizing Mascara,Beauty & Personal Care,109.12,260,Volumizing Mascara — Beauty & Personal Care,2026-05-31T17:51:47.876805,2026-05-31T17:51:47.876805
399,Liquid Foundation,Beauty & Personal Care,85.05,133,Liquid Foundation — Beauty & Personal Care,2026-05-31T17:51:47.876805,2026-05-31T17:51:47.876805
400,Gel Nail Polish Set,Beauty & Personal Care,104.82,340,Gel Nail Polish Set — Beauty & Personal Care,2026-05-31T17:51:47.876805,2026-05-31T17:51:47.876805
401,Organic Beard Oil,Beauty & Personal Care,107.92,239,Organic Beard Oil — Beauty & Personal Care,2026-05-31T17:51:47.876805,2026-05-31T17:51:47.876805
402,Ultrasonic Essential Oil Diffuser,Beauty & Personal Care,119.76,57,Ultrasonic Essential Oil Diffuser — Beauty & Personal Care,2026-05-31T17:51:47.876805,2026-05-31T17:51:47.876805
403,Ionic Hair Dryer,Beauty & Personal Care,46.95,217,Ionic Hair Dryer — Beauty & Personal Care,2026-05-31T17:51:47.876805,2026-05-31T17:51:47.876805
404,Hydrating Face Moisturizer — Pro,Beauty & Personal Care,104.99,166,Hydrating Face Moisturizer — Pro — Beauty & Personal Care,2026-05-31T17:51:47.876805,2026-05-31T17:51:47.876805
405,Vitamin C Brightening Serum — Pro,Beauty & Personal Care,100.93,198,Vitamin C Brightening Serum — Pro — Beauty & Personal Care,2026-05-31T17:51:47.876805,2026-05-31T17:51:47.876805
406,Moisturizing Lip Balm Set — Pro,Beauty & Personal Care,73.09,281,Moisturizing Lip Balm Set — Pro — Beauty & Personal Care,2026-05-31T17:51:47.876805,2026-05-31T17:51:47.876805
407,Nourishing Shampoo & Conditioner — Pro,Beauty & Personal Care,54.18,391,Nourishing Shampoo & Conditioner — Pro — Beauty & Personal Care,2026-05-31T17:51:47.876805,2026-05-31T17:51:47.876805
408,Shea Butter Body Lotion — Pro,Beauty & Personal Care,84.35,190,Shea Butter Body Lotion — Pro — Beauty & Personal Care,2026-05-31T17:51:47.876805,2026-05-31T17:51:47.876805
409,SPF 50 Sunscreen — Pro,Beauty & Personal Care,106.61,148,SPF 50 Sunscreen — Pro — Beauty & Personal Care,2026-05-31T17:51:47.876805,2026-05-31T17:51:47.876805
410,Professional Eye Shadow Palette — Pro,Beauty & Personal Care,48.76,128,Professional Eye Shadow Palette — Pro — Beauty & Personal Care,2026-05-31T17:51:47.876805,2026-05-31T17:51:47.876805
411,Volumizing Mascara — Pro,Beauty & Personal Care,21.61,108,Volumizing Mascara — Pro — Beauty & Personal Care,2026-05-31T17:51:47.876805,2026-05-31T17:51:47.876805
412,Liquid Foundation — Pro,Beauty & Personal Care,50.06,390,Liquid Foundation — Pro — Beauty & Personal Care,2026-05-31T17:51:47.876805,2026-05-31T17:51:47.876805
413,Gel Nail Polish Set — Pro,Beauty & Personal Care,82.23,400,Gel Nail Polish Set — Pro — Beauty & Personal Care,2026-05-31T17:51:47.876805,2026-05-31T17:51:47.876805
414,Organic Beard Oil — Pro,Beauty & Personal Care,104.75,108,Organic Beard Oil — Pro — Beauty & Personal Care,2026-05-31T17:51:47.876805,2026-05-31T17:51:47.876805
415,Ultrasonic Essential Oil Diffuser — Pro,Beauty & Personal Care,35.58,257,Ultrasonic Essential Oil Diffuser — Pro — Beauty & Personal Care,2026-05-31T17:51:47.876805,2026-05-31T17:51:47.876805
416,Ionic Hair Dryer — Pro,Beauty & Personal Care,44.36,311,Ionic Hair Dryer — Pro — Beauty & Personal Care,2026-05-31T17:51:47.876805,2026-05-31T17:51:47.876805
417,Hydrating Face Moisturizer — Plus,Beauty & Personal Care,146.57,278,Hydrating Face Moisturizer — Plus — Beauty & Personal Care,2026-05-31T17:51:47.876805,2026-05-31T17:51:47.876805
418,Vitamin C Brightening Serum — Plus,Beauty & Personal Care,91.12,61,Vitamin C Brightening Serum — Plus — Beauty & Personal Care,2026-05-31T17:51:47.876805,2026-05-31T17:51:47.876805
419,Moisturizing Lip Balm Set — Plus,Beauty & Personal Care,125.55,161,Moisturizing Lip Balm Set — Plus — Beauty & Personal Care,2026-05-31T17:51:47.876805,2026-05-31T17:51:47.876805
420,Nourishing Shampoo & Conditioner — Plus,Beauty & Personal Care,37.2,101,Nourishing Shampoo & Conditioner — Plus — Beauty & Personal Care,2026-05-31T17:51:47.876805,2026-05-31T17:51:47.876805
421,Shea Butter Body Lotion — Plus,Beauty & Personal Care,48.12,372,Shea Butter Body Lotion — Plus — Beauty & Personal Care,2026-05-31T17:51:47.876805,2026-05-31T17:51:47.876805
422,SPF 50 Sunscreen — Plus,Beauty & Personal Care,81.97,150,SPF 50 Sunscreen — Plus — Beauty & Personal Care,2026-05-31T17:51:47.876805,2026-05-31T17:51:47.876805
423,Professional Eye Shadow Palette — Plus,Beauty & Personal Care,10.64,37,Professional Eye Shadow Palette — Plus — Beauty & Personal Care,2026-05-31T17:51:47.876805,2026-05-31T17:51:47.876805
424,Volumizing Mascara — Plus,Beauty & Personal Care,84.78,367,Volumizing Mascara — Plus — Beauty & Personal Care,2026-05-31T17:51:47.876805,2026-05-31T17:51:47.876805
425,Liquid Foundation — Plus,Beauty & Personal Care,141.83,336,Liquid Foundation — Plus — Beauty & Personal Care,2026-05-31T17:51:47.876805,2026-05-31T17:51:47.876805
426,Gel Nail Polish Set — Plus,Beauty & Personal Care,130.79,261,Gel Nail Polish Set — Plus — Beauty & Personal Care,2026-05-31T17:51:47.876805,2026-05-31T17:51:47.876805
427,Organic Beard Oil — Plus,Beauty & Personal Care,18.97,16,Organic Beard Oil — Plus — Beauty & Personal Care,2026-05-31T17:51:47.876805,2026-05-31T17:51:47.876805
428,Ultrasonic Essential Oil Diffuser — Plus,Beauty & Personal Care,87.8,250,Ultrasonic Essential Oil Diffuser — Plus — Beauty & Personal Care,2026-05-31T17:51:47.876805,2026-05-31T17:51:47.876805
429,Ionic Hair Dryer — Plus,Beauty & Personal Care,73.88,184,Ionic Hair Dryer — Plus — Beauty & Personal Care,2026-05-31T17:51:47.876805,2026-05-31T17:51:47.876805
430,Hydrating Face Moisturizer — Elite,Beauty & Personal Care,30.91,36,Hydrating Face Moisturizer — Elite — Beauty & Personal Care,2026-05-31T17:51:47.876805,2026-05-31T17:51:47.876805
431,Vitamin C Brightening Serum — Elite,Beauty & Personal Care,40.85,451,Vitamin C Brightening Serum — Elite — Beauty & Personal Care,2026-05-31T17:51:47.876805,2026-05-31T17:51:47.876805
432,Moisturizing Lip Balm Set — Elite,Beauty & Personal Care,73.74,430,Moisturizing Lip Balm Set — Elite — Beauty & Personal Care,2026-05-31T17:51:47.876805,2026-05-31T17:51:47.876805
433,Nourishing Shampoo & Conditioner — Elite,Beauty & Personal Care,13.53,261,Nourishing Shampoo & Conditioner — Elite — Beauty & Personal Care,2026-05-31T17:51:47.876805,2026-05-31T17:51:47.876805
434,Shea Butter Body Lotion — Elite,Beauty & Personal Care,14.81,332,Shea Butter Body Lotion — Elite — Beauty & Personal Care,2026-05-31T17:51:47.876805,2026-05-31T17:51:47.876805
435,SPF 50 Sunscreen — Elite,Beauty & Personal Care,104.21,87,SPF 50 Sunscreen — Elite — Beauty & Personal Care,2026-05-31T17:51:47.876805,2026-05-31T17:51:47.876805
436,Professional Eye Shadow Palette — Elite,Beauty & Personal Care,25.77,298,Professional Eye Shadow Palette — Elite — Beauty & Personal Care,2026-05-31T17:51:47.876805,2026-05-31T17:51:47.876805
437,Volumizing Mascara — Elite,Beauty & Personal Care,142.56,53,Volumizing Mascara — Elite — Beauty & Personal Care,2026-05-31T17:51:47.876805,2026-05-31T17:51:47.876805
438,Liquid Foundation — Elite,Beauty & Personal Care,149.1,70,Liquid Foundation — Elite — Beauty & Personal Care,2026-05-31T17:51:47.876805,2026-05-31T17:51:47.876805
439,Gel Nail Polish Set — Elite,Beauty & Personal Care,85.47,223,Gel Nail Polish Set — Elite — Beauty & Personal Care,2026-05-31T17:51:47.876805,2026-05-31T17:51:47.876805
440,Organic Beard Oil — Elite,Beauty & Personal Care,92.51,414,Organic Beard Oil — Elite — Beauty & Personal Care,2026-05-31T17:51:47.876805,2026-05-31T17:51:47.876805
441,Creative Building Blocks Set,Toys & Games,187.42,407,Creative Building Blocks Set — Toys & Games,2026-05-31T17:51:47.876805,2026-05-31T17:51:47.876805
442,Strategy Board Game Collection,Toys & Games,159.15,240,Strategy Board Game Collection — Toys & Games,2026-05-31T17:51:47.876805,2026-05-31T17:51:47.876805
443,Remote Control Racing Car,Toys & Games,273.0,162,Remote Control Racing Car — Toys & Games,2026-05-31T17:51:47.876805,2026-05-31T17:51:47.876805
444,1000-Piece Jigsaw Puzzle,Toys & Games,258.74,229,1000-Piece Jigsaw Puzzle — Toys & Games,2026-05-31T17:51:47.876805,2026-05-31T17:51:47.876805
445,Superhero Action Figure,Toys & Games,95.08,327,Superhero Action Figure — Toys & Games,2026-05-31T17:51:47.876805,2026-05-31T17:51:47.876805
446,Plush Teddy Bear,Toys & Games,22.76,388,Plush Teddy Bear — Toys & Games,2026-05-31T17:51:47.876805,2026-05-31T17:51:47.876805
447,STEM Science Experiment Kit,Toys & Games,34.26,400,STEM Science Experiment Kit — Toys & Games,2026-05-31T17:51:47.876805,2026-05-31T17:51:47.876805
448,Card Game Party Pack,Toys & Games,66.29,118,Card Game Party Pack — Toys & Games,2026-05-31T17:51:47.876805,2026-05-31T17:51:47.876805
449,Classic Lego Building Set,Toys & Games,83.06,51,Classic Lego Building Set — Toys & Games,2026-05-31T17:51:47.876805,2026-05-31T17:51:47.876805
450,Coloring Book Mega Set,Toys & Games,51.32,98,Coloring Book Mega Set — Toys & Games,2026-05-31T17:51:47.876805,2026-05-31T17:51:47.876805
451,Creative Building Blocks Set — Pro,Toys & Games,167.83,90,Creative Building Blocks Set — Pro — Toys & Games,2026-05-31T17:51:47.876805,2026-05-31T17:51:47.876805
452,Strategy Board Game Collection — Pro,Toys & Games,5.78,240,Strategy Board Game Collection — Pro — Toys & Games,2026-05-31T17:51:47.876805,2026-05-31T17:51:47.876805
453,Remote Control Racing Car — Pro,Toys & Games,208.35,250,Remote Control Racing Car — Pro — Toys & Games,2026-05-31T17:51:47.876805,2026-05-31T17:51:47.876805
454,1000-Piece Jigsaw Puzzle — Pro,Toys & Games,90.91,128,1000-Piece Jigsaw Puzzle — Pro — Toys & Games,2026-05-31T17:51:47.876805,2026-05-31T17:51:47.876805
455,Superhero Action Figure — Pro,Toys & Games,89.98,154,Superhero Action Figure — Pro — Toys & Games,2026-05-31T17:51:47.876805,2026-05-31T17:51:47.876805
456,Plush Teddy Bear — Pro,Toys & Games,212.37,242,Plush Teddy Bear — Pro — Toys & Games,2026-05-31T17:51:47.876805,2026-05-31T17:51:47.876805
457,STEM Science Experiment Kit — Pro,Toys & Games,25.99,129,STEM Science Experiment Kit — Pro — Toys & Games,2026-05-31T17:51:47.876805,2026-05-31T17:51:47.876805
458,Card Game Party Pack — Pro,Toys & Games,277.54,413,Card Game Party Pack — Pro — Toys & Games,2026-05-31T17:51:47.876805,2026-05-31T17:51:47.876805
459,Classic Lego Building Set — Pro,Toys & Games,238.41,311,Classic Lego Building Set — Pro — Toys & Games,2026-05-31T17:51:47.876805,2026-05-31T17:51:47.876805
460,Coloring Book Mega Set — Pro,Toys & Games,200.04,488,Coloring Book Mega Set — Pro — Toys & Games,2026-05-31T17:51:47.876805,2026-05-31T17:51:47.876805
461,Creative Building Blocks Set — Plus,Toys & Games,63.35,68,Creative Building Blocks Set — Plus — Toys & Games,2026-05-31T17:51:47.876805,2026-05-31T17:51:47.876805
462,Strategy Board Game Collection — Plus,Toys & Games,165.64,341,Strategy Board Game Collection — Plus — Toys & Games,2026-05-31T17:51:47.876805,2026-05-31T17:51:47.876805
463,Remote Control Racing Car — Plus,Toys & Games,48.94,146,Remote Control Racing Car — Plus — Toys & Games,2026-05-31T17:51:47.876805,2026-05-31T17:51:47.876805
464,1000-Piece Jigsaw Puzzle — Plus,Toys & Games,248.85,46,1000-Piece Jigsaw Puzzle — Plus — Toys & Games,2026-05-31T17:51:47.876805,2026-05-31T17:51:47.876805
465,Superhero Action Figure — Plus,Toys & Games,22.58,415,Superhero Action Figure — Plus — Toys & Games,2026-05-31T17:51:47.876805,2026-05-31T17:51:47.876805
466,Plush Teddy Bear — Plus,Toys & Games,95.74,393,Plush Teddy Bear — Plus — Toys & Games,2026-05-31T17:51:47.876805,2026-05-31T17:51:47.876805
467,STEM Science Experiment Kit — Plus,Toys & Games,248.14,481,STEM Science Experiment Kit — Plus — Toys & Games,2026-05-31T17:51:47.876805,2026-05-31T17:51:47.876805
468,Card Game Party Pack — Plus,Toys & Games,90.13,73,Card Game Party Pack — Plus — Toys & Games,2026-05-31T17:51:47.876805,2026-05-31T17:51:47.876805
469,Classic Lego Building Set — Plus,Toys & Games,143.26,165,Classic Lego Building Set — Plus — Toys & Games,2026-05-31T17:51:47.876805,2026-05-31T17:51:47.876805
470,Coloring Book Mega Set — Plus,Toys & Games,211.41,492,Coloring Book Mega Set — Plus — Toys & Games,2026-05-31T17:51:47.876805,2026-05-31T17:51:47.876805
471,Creative Building Blocks Set — Elite,Toys & Games,85.3,286,Creative Building Blocks Set — Elite — Toys & Games,2026-05-31T17:51:47.876805,2026-05-31T17:51:47.876805
472,Strategy Board Game Collection — Elite,Toys & Games,150.66,51,Strategy Board Game Collection — Elite — Toys & Games,2026-05-31T17:51:47.876805,2026-05-31T17:51:47.876805
473,Remote Control Racing Car — Elite,Toys & Games,181.41,465,Remote Control Racing Car — Elite — Toys & Games,2026-05-31T17:51:47.876805,2026-05-31T17:51:47.876805
474,1000-Piece Jigsaw Puzzle — Elite,Toys & Games,132.44,175,1000-Piece Jigsaw Puzzle — Elite — Toys & Games,2026-05-31T17:51:47.876805,2026-05-31T17:51:47.876805
475,Superhero Action Figure — Elite,Toys & Games,183.09,23,Superhero Action Figure — Elite — Toys & Games,2026-05-31T17:51:47.876805,2026-05-31T17:51:47.876805
476,Plush Teddy Bear — Elite,Toys & Games,31.93,355,Plush Teddy Bear — Elite — Toys & Games,2026-05-31T17:51:47.876805,2026-05-31T17:51:47.876805
477,STEM Science Experiment Kit — Elite,Toys & Games,251.6,304,STEM Science Experiment Kit — Elite — Toys & Games,2026-05-31T17:51:47.876805,2026-05-31T17:51:47.876805
478,Card Game Party Pack — Elite,Toys & Games,178.19,20,Card Game Party Pack — Elite — Toys & Games,2026-05-31T17:51:47.876805,2026-05-31T17:51:47.876805
479,Classic Lego Building Set — Elite,Toys & Games,299.86,354,Classic Lego Building Set — Elite — Toys & Games,2026-05-31T17:51:47.876805,2026-05-31T17:51:47.876805
480,Coloring Book Mega Set — Elite,Toys & Games,247.31,305,Coloring Book Mega Set — Elite — Toys & Games,2026-05-31T17:51:47.876805,2026-05-31T17:51:47.876805
481,Artisan Roast Coffee Beans,Food & Beverages,5.53,397,Artisan Roast Coffee Beans — Food & Beverages,2026-05-31T17:51:47.876805,2026-05-31T17:51:47.876805
482,Premium Loose Leaf Tea Collection,Food & Beverages,17.41,275,Premium Loose Leaf Tea Collection — Food & Beverages,2026-05-31T17:51:47.876805,2026-05-31T17:51:47.876805
483,Belgian Dark Chocolate Bar,Food & Beverages,59.32,479,Belgian Dark Chocolate Bar — Food & Beverages,2026-05-31T17:51:47.876805,2026-05-31T17:51:47.876805
484,Roasted Mixed Nuts Pack,Food & Beverages,26.47,309,Roasted Mixed Nuts Pack — Food & Beverages,2026-05-31T17:51:47.876805,2026-05-31T17:51:47.876805
485,Organic Maple Granola,Food & Beverages,40.35,426,Organic Maple Granola — Food & Beverages,2026-05-31T17:51:47.876805,2026-05-31T17:51:47.876805
486,Artisanal Hot Sauce Set,Food & Beverages,45.26,56,Artisanal Hot Sauce Set — Food & Beverages,2026-05-31T17:51:47.876805,2026-05-31T17:51:47.876805
487,Extra Virgin Olive Oil,Food & Beverages,43.35,219,Extra Virgin Olive Oil — Food & Beverages,2026-05-31T17:51:47.876805,2026-05-31T17:51:47.876805
488,Gourmet Microwave Popcorn,Food & Beverages,31.32,353,Gourmet Microwave Popcorn — Food & Beverages,2026-05-31T17:51:47.876805,2026-05-31T17:51:47.876805
489,Plant-Based Protein Bars,Food & Beverages,11.19,92,Plant-Based Protein Bars — Food & Beverages,2026-05-31T17:51:47.876805,2026-05-31T17:51:47.876805
490,Raw Manuka Honey Jar,Food & Beverages,31.01,365,Raw Manuka Honey Jar — Food & Beverages,2026-05-31T17:51:47.876805,2026-05-31T17:51:47.876805
491,Artisan Roast Coffee Beans — Pro,Food & Beverages,45.59,349,Artisan Roast Coffee Beans — Pro — Food & Beverages,2026-05-31T17:51:47.876805,2026-05-31T17:51:47.876805
492,Premium Loose Leaf Tea Collection — Pro,Food & Beverages,85.17,426,Premium Loose Leaf Tea Collection — Pro — Food & Beverages,2026-05-31T17:51:47.876805,2026-05-31T17:51:47.876805
493,Belgian Dark Chocolate Bar — Pro,Food & Beverages,68.91,28,Belgian Dark Chocolate Bar — Pro — Food & Beverages,2026-05-31T17:51:47.876805,2026-05-31T17:51:47.876805
494,Roasted Mixed Nuts Pack — Pro,Food & Beverages,42.01,171,Roasted Mixed Nuts Pack — Pro — Food & Beverages,2026-05-31T17:51:47.876805,2026-05-31T17:51:47.876805
495,Organic Maple Granola — Pro,Food & Beverages,24.2,69,Organic Maple Granola — Pro — Food & Beverages,2026-05-31T17:51:47.876805,2026-05-31T17:51:47.876805
496,Artisanal Hot Sauce Set — Pro,Food & Beverages,87.37,216,Artisanal Hot Sauce Set — Pro — Food & Beverages,2026-05-31T17:51:47.876805,2026-05-31T17:51:47.876805
497,Extra Virgin Olive Oil — Pro,Food & Beverages,78.1,432,Extra Virgin Olive Oil — Pro — Food & Beverages,2026-05-31T17:51:47.876805,2026-05-31T17:51:47.876805
498,Gourmet Microwave Popcorn — Pro,Food & Beverages,88.94,346,Gourmet Microwave Popcorn — Pro — Food & Beverages,2026-05-31T17:51:47.876805,2026-05-31T17:51:47.876805
499,Plant-Based Protein Bars — Pro,Food & Beverages,78.49,246,Plant-Based Protein Bars — Pro — Food & Beverages,2026-05-31T17:51:47.876805,2026-05-31T17:51:47.876805
500,Raw Manuka Honey Jar — Pro,Food & Beverages,38.36,106,Raw Manuka Honey Jar — Pro — Food & Beverages,2026-05-31T17:51:47.876805,2026-05-31T17:51:47.876805
